PublicationDate,ArticleTitle,URL,PrimaryKeyword,SupportingKeywords,SearchIntent,TopicCategory,InternalPagesLinked,PublishingStatus,PerformanceResults
"06.Aug.2026","Beyond the 4Cs: A High-Jewelry Collector's Guide to Valuing Fancy Vivid Diamonds",,fancy vivid diamonds,,Informational,Coloured diamond grading,,Published,
"06.Aug.2026","The Collector's Guide to Fancy Vivid Yellow Diamonds: Grading, Modifying Hues, and Investment Value",,fancy vivid yellow diamonds,,Informational/Commercial,Yellow diamonds,,Published,
"06.Aug.2026","The Collector's Guide to Fancy Colored Diamonds: Hues, Saturation, and Investment Value",,fancy colored diamonds,,Informational,Coloured diamonds,,Published,
"06.Aug.2026","Beyond the Primary Hue: A Collector's Guide to Secondary Modifying Colors in Natural Fancy Diamonds",,secondary hues,,Informational,Coloured diamond grading,,Published,
"06.Aug.2026","Fancy Vivid vs. Fancy Intense Diamonds: A Connoisseur's Guide to Saturation, Rarity, and Value",,fancy vivid vs fancy intense,,Informational,Coloured diamond grading,,Published,
"06.Aug.2026","The Collector's Guide to Fancy Vivid Yellow Diamonds: Understanding Rarity, Hue Saturation, and Market Value",,fancy vivid yellow diamonds,,Informational,Coloured diamond grading,,Published,
"06.Aug.2026","Fancy Colour Diamonds: Nature's Rarest Palette",,fancy colour diamonds,,Informational,Coloured diamonds,,Published,
"06.Aug.2026","Blue Diamonds Rarity, Origin, and What Makes Them So Valuable",,blue diamonds,,Informational,Blue diamonds,,Published,
"06.Aug.2026","Yellow Diamonds Explained: Grading, Value, and How to Buy",,yellow diamonds,,Commercial,Yellow diamonds,,Published,
"06.Aug.2026","Pink Diamonds 101 Why They're the World's Most Coveted Gem",,pink diamonds,,Informational/Commercial,Pink diamonds,,Published,
"06.Aug.2026","The Collector's Guide to Secondary Hues: How Color Modifiers Impact Fancy Colored Diamond Value",,secondary hues,,Informational,Coloured diamond grading,,Published,
"05.Aug.2026","Fancy Intense vs. Fancy Vivid Yellow Diamonds: The Ultimate Investment & Collector's Guide",,fancy intense vs fancy vivid yellow,,Informational/Commercial,Yellow diamonds,,Published,
"05.Aug.2026","Demystifying the Color Scale: A Luxury Collector's Guide to Evaluating Fancy Vivid Diamond Saturation and Value",,fancy vivid saturation,,Informational,Coloured diamond grading,,Published,
"05.Aug.2026","Green Diamonds: The Science Behind Nature's Rarest Colour",,green diamonds,,Informational,Green diamonds,,Published,
"04.Aug.2026","How to Care for Diamond Jewellery and Keep It Brilliant",,diamond jewellery care,,Informational,Diamond care,,Published,
"31.Jul.2026","Diamond Jewellery for Every Occasion",,diamond jewellery,,Commercial,Jewellery styling,,Published,
"31.Jul.2026","Yellow Diamonds: Sunshine You Can Wear",,yellow diamonds,,Commercial,Yellow diamonds,,Published,
"31.Jul.2026","Pink Diamonds: A Love Story in Colour",,pink diamonds,,Commercial,Pink diamonds,,Published,
"31.Jul.2026","Diamond Shapes Explained: Find Your Signature Sparkle",,diamond shapes,,Informational,Diamond shapes,,Published,
"31.Jul.2026","How to Choose the Perfect Diamond: A Practical Buyer's Guide",,choose perfect diamond,,Commercial,Diamond buying,,Published,
"31.Jul.2026","The Ultimate Guide to Men's Luxury Wedding Bands: Precious Metals, Architectural Finishes, and Rare Fancy Colored Diamond Accents",,men's wedding bands,,Commercial,Wedding jewellery,,Published,
"31.Jul.2026","Graduation Gifts That Last a Lifetime: Fine Jewelry Ideas for the Milestone Achievement",,graduation gifts,,Commercial,Gifting,,Published,
"31.Jul.2026","The Collector's Guide to Fancy Vivid vs. Fancy Intense Yellow Diamonds: Color Saturation, Rarity, and Value",,fancy vivid vs fancy intense yellow,,Informational,Yellow diamonds,,Published,
"31.Jul.2026","The Shocking Truth About Argyle Pink Diamonds: Why the Mine Closure Changed Everything",,argyle pink diamonds,,Informational,Pink diamonds,,Published,
"23.Jul.2026","Champagne and Brown Diamonds: A Complete Buyer's Guide",,champagne diamonds,,Commercial,Brown diamonds,,Published,
"23.Jul.2026","Natural Orange Diamonds: Colour, Rarity and Buying Guide",,orange diamonds,,Commercial,Orange diamonds,,Published,
"23.Jul.2026","Natural Green Diamonds: Rarity, Colour and Buying Guide",,green diamonds,,Commercial,Green diamonds,,Published,
"23.Jul.2026","Natural Blue Diamonds: A Complete Buyer's Guide",,blue diamonds,,Commercial,Blue diamonds,,Published,
"23.Jul.2026","Natural Pink Diamonds: A Complete Buyer's Guide",,pink diamonds,,Commercial,Pink diamonds,,Published,
"23.Jul.2026","How to Care for Natural Fancy Colour Diamond Jewellery",,fancy colour diamond jewellery care,,Informational,Diamond care,,Published,
"23.Jul.2026","The Best Settings for Natural Fancy Colour Diamond Engagement Rings",,engagement ring settings,,Commercial,Engagement rings,,Published,
"23.Jul.2026","What Makes a Natural Fancy Colour Diamond Rare?",,fancy colour diamond rarity,,Informational,Coloured diamonds,,Published,
"22.Jul.2026","How to Buy a Natural Fancy Colour Diamond Online Safely",,buy fancy colour diamond online,,Commercial,Buying online,,Published,
"22.Jul.2026","Pink, Blue, Yellow or Green: Which Natural Fancy Colour Diamond Is Right for You?",,which fancy colour diamond,,Commercial,Coloured diamonds,,Published,
"22.Jul.2026","How to Build a Natural Fancy Colour Diamond Collection",,build fancy colour diamond collection,,Informational,Collecting,,Published,
"22.Jul.2026","Are Natural Fancy Colour Diamonds a Good Investment? A Buyer's Guide",,fancy colour diamond investment,,Informational/Commercial,Investment,,Published,
"22.Jul.2026","Natural Diamonds vs Lab-Grown Diamonds: What's the Difference?",,natural vs lab-grown diamonds,,Informational,Diamond education,,Published,
"22.Jul.2026","Diamond Shapes Explained: Which Natural Fancy Colour Diamond Shape Is Right for You?",,fancy colour diamond shapes,,Informational,Diamond shapes,,Published,
"22.Jul.2026","How to Choose the Perfect Engagement Ring: The Ultimate 2026 Buyer's Guide",,choose engagement ring,,Commercial,Engagement rings,,Published,
"22.Jul.2026","How to Read a GIA Diamond Certificate: A Complete Guide for Natural Fancy Colour Diamond Buyers",,read gia certificate,,Informational,Certification,,Published,
"22.Jul.2026","Why Natural Fancy Colour Diamonds Are Considered the Ultimate Luxury Collectible",,fancy colour diamond collectible,,Informational,Collecting,,Published,
"22.Jul.2026","Celebrity Engagement Rings Featuring Natural Fancy Colour Diamonds",,celebrity engagement rings,,Commercial,Engagement rings,,Published,
"22.Jul.2026","Why Natural Fancy Colour Diamonds Are Among the Rarest Treasures on Earth",,fancy colour diamond rarity,,Informational,Coloured diamonds,,Published,
"22.Jul.2026","Discover the World of Natural Fancy Colour Diamonds",,fancy colour diamonds,,Informational,Coloured diamonds,,Published,
"22.Jul.2026","How to Choose the Perfect Natural Fancy Colour Diamond",,choose fancy colour diamond,,Commercial,Diamond buying,,Published,
"22.Jul.2026","The Complete Guide to GIA Certified Natural Fancy Colour Diamonds",,gia certified fancy colour diamonds,,Commercial,Certification,,Published,
"22.Jul.2026","Are Natural Fancy Colour Diamonds a Good Investment?",,fancy colour diamond investment,,Informational/Commercial,Investment,,Published,
"22.Jul.2026","Why Natural Fancy Colour Diamond Engagement Rings Are the Ultimate Symbol of Love",,fancy colour engagement rings,,Commercial,Engagement rings,,Published,
"22.Jul.2026","Fancy Yellow Diamond Rings: A Complete Buying Guide",,fancy yellow diamond rings,,Commercial,Yellow diamonds,,Published,
"21.Jul.2026","Natural Fancy Color Diamonds: A Complete Buying Guide",,fancy color diamonds,,Commercial,Coloured diamonds,,Published,
"06.Aug.2026","Red Diamonds: The Rarest Colour in the World","https://www.colourdiam.com/blog/red-diamonds-the-rarest-colour-in-the-world",red diamonds,"natural red diamonds, red diamond rarity, red diamond value, buying red diamonds, red diamond grading",Informational/Commercial,Coloured diamond rarity and buying guide,"/diamonds, /education, /product, /aboutus, /contactus","Draft - QC APPROVED; awaiting hero image and human fact-check",Pending
